study_id,study,TP,FN,FP,TN,n1,n0
1,Arana-Arri 2017a,1032,136,14831,279546,1168,294377
2,Burón 2019,251,47,3931,74901,298,78832
3,Castiglione 2007,65,16,894,26390,81,27284
4,Chen 2016a,712,51,7871,132411,763,140282
5,Chiang 2014a,1197,381,21539,723959,1578,745498
6,Chiang 2014b,284,101,6639,201905,385,208544
7,Crotta 2012,5,3,62,1585,8,1647
8,Denters 2012a,12,4,174,2634,16,2808
9,Digby 2016,30,31,619,30109,61,30728
10,Itoh 1996,77,12,1130,26358,89,27488
11,Jensen 2016,514,100,11598,307212,614,318810
12,Juul 2018,907,60,13955,229093,967,243048
13,Kapidzic 2017,13,0,213,1636,13,1849
14,Launoy 2005,22,4,344,6985,26,7329
15,Levi 2011b,6,0,102,1071,6,1173
16,McNamara 2014,16,1,402,4549,17,4951
17,Nakama 1996,10,4,147,3204,14,3351
18,Parente 2013,95,8,1957,36293,103,38250
19,Parra-Blanco 2010,14,0,129,1573,14,1702
20,Robinson 1996,10,0,135,1344,10,1479
21,Sieg 2002,23,6,206,5053,29,5259
22,Van Roon 2013,22,2,338,4141,24,4479
23,Zorzi 2018,412,51,6007,116281,463,122288
