cohort_id,author,ref,year_pub,TP,FN,TN,FP,n1,n0,flag
1,Pazzagli,209,2000,14,24,39,1,38,40,
2,Liapis,207,1980,59,7,203,22,66,225,
3,Elbaum,206,1982,10,3,3,1,13,4,
4,Richards,52,1976,41,22,85,13,63,98,
5,Nicholas,205,1977,19,2,24,10,21,34,
6,Cooperman,36,1979,17,3,78,2,20,80,
7,Foti,204,1980,18,8,19,3,26,22,
8,Sandler,54,1984,18,11,14,7,29,21,
9,Vacarro,56,1987,101,19,101,29,120,130,
10,Wells,128,1995,30,23,147,6,53,153,
11,Dmochowski,203,1972,15,1,13,14,16,27,
12,Hull,202,1976,134,80,256,7,214,263,
13,Hull,201,1997,71,26,106,6,97,112,
14,Benedict,200,1997,83,23,139,6,106,145,
15,Flanigan,199,1978,73,8,93,5,81,98,
16,Toy,198,1978,16,2,9,0,18,9,
17,Peters,197,1982,52,10,112,8,62,120,
18,O'Donnell,196,1983,23,2,62,5,25,67,
19,Ramchandani,195,1985,30,36,30,6,66,36,
20,Jonker,194,1986,20,4,26,1,24,27,
21,Dauzat,193,1986,101,10,37,8,111,45,
22,Lynch,192,1986,9,3,5,4,12,9,
23,Comerota,191,1988,74,30,73,17,104,90,
24,Rosner,190,1998,6,0,12,7,6,19,
25,Cardella,189,1988,33,5,39,15,38,54,
26,Boccalon,188,1998,54,6,49,8,60,57,
27,Ovcharenko,187,1989,59,9,51,4,68,55,
28,Patterson,186,1989,15,5,13,16,20,29,
29,de Laveaucoupet,185,1989,22,16,88,9,38,97,
30,Barzi,184,1990,59,12,85,13,71,98,
31,Holmgren,183,1990,45,26,30,2,71,32,
32,Ezekowitz,182,1990,20,3,108,14,23,122,
33,Jindal,181,1990,88,26,23,6,114,29,
34,Prandoni,180,1991,73,14,143,12,87,155,
35,Prandoni,180,1991,44,16,124,6,60,130,
36,Glew,179,1992,36,4,19,9,40,28,
37,Heijboer,178,1992,31,3,30,6,34,36,
38,Agnelli,177,1993,27,5,50,10,32,60,
39,Kristo,176,1994,6,6,8,1,12,9,
40,Ginsberg,175,1994,26,21,88,7,47,95,
41,Keefe,174,1994,29,12,47,12,41,59,
42,Wells,75,1998,72,41,283,18,113,301,
