cell,k,rho,lam_tag,rho_s,delta,seed,block
K30-r0.4-l0.25-rs0.0-d0.0,30,0.4,0.25,0.0,0.0,85011,shape
K30-r0.4-l0.25-rs0.4-d0.0,30,0.4,0.25,0.4,0.0,85012,shape
K30-r0.4-l0.25-rs0.0-d0.5,30,0.4,0.25,0.0,0.5,86011,shape
K30-r0.4-l0.25-rs0.4-d0.5,30,0.4,0.25,0.4,0.5,90122,shape
K30-r0.4-l0.5-rs0.0-d0.0,30,0.4,0.5,0.0,0.0,81011,shape
K30-r0.4-l0.5-rs0.4-d0.0,30,0.4,0.5,0.4,0.0,81012,shape
K30-r0.4-l0.5-rs0.0-d0.5,30,0.4,0.5,0.0,0.5,86012,shape
K30-r0.4-l0.5-rs0.4-d0.5,30,0.4,0.5,0.4,0.5,88004,shape
K30-r0.4-l0.71-rs0.0-d0.0,30,0.4,0.71,0.0,0.0,85021,shape
K30-r0.4-l0.71-rs0.4-d0.0,30,0.4,0.71,0.4,0.0,85022,shape
K30-r0.4-l0.71-rs0.0-d0.5,30,0.4,0.71,0.0,0.5,86013,shape
K30-r0.4-l0.71-rs0.4-d0.5,30,0.4,0.71,0.4,0.5,90123,shape
K30-r0.4-l1.0-rs0.0-d0.0,30,0.4,1.0,0.0,0.0,81001,shape
K30-r0.4-l1.0-rs0.4-d0.0,30,0.4,1.0,0.4,0.0,81002,shape
K30-r0.4-l1.0-rs0.0-d0.5,30,0.4,1.0,0.0,0.5,86014,shape
K30-r0.4-l1.0-rs0.4-d0.5,30,0.4,1.0,0.4,0.5,90124,shape
K30-r0.4-l1.41-rs0.0-d0.0,30,0.4,1.41,0.0,0.0,85031,shape
K30-r0.4-l1.41-rs0.4-d0.0,30,0.4,1.41,0.4,0.0,85032,shape
K30-r0.4-l1.41-rs0.0-d0.5,30,0.4,1.41,0.0,0.5,86015,shape
K30-r0.4-l1.41-rs0.4-d0.5,30,0.4,1.41,0.4,0.5,90125,shape
K30-r0.4-l2.0-rs0.0-d0.0,30,0.4,2.0,0.0,0.0,85041,shape
K30-r0.4-l2.0-rs0.4-d0.0,30,0.4,2.0,0.4,0.0,85042,shape
K30-r0.4-l2.0-rs0.0-d0.5,30,0.4,2.0,0.0,0.5,86016,shape
K30-r0.4-l2.0-rs0.4-d0.5,30,0.4,2.0,0.4,0.5,90126,shape
K30-r0.4-l4.0-rs0.0-d0.0,30,0.4,4.0,0.0,0.0,85051,shape
K30-r0.4-l4.0-rs0.4-d0.0,30,0.4,4.0,0.4,0.0,85052,shape
K30-r0.4-l4.0-rs0.0-d0.5,30,0.4,4.0,0.0,0.5,86017,shape
K30-r0.4-l4.0-rs0.4-d0.5,30,0.4,4.0,0.4,0.5,90127,shape
K30-r0.4-l0.5-rs0.2-d0.0,30,0.4,0.5,0.2,0.0,84002,threshold-strength
K30-r0.4-l0.5-rs0.6-d0.0,30,0.4,0.5,0.6,0.0,84006,threshold-strength
K30-r0.4-l0.5-rs0.8-d0.0,30,0.4,0.5,0.8,0.0,87008,threshold-strength
K30-r0.4-l0.5-rs1.0-d0.0,30,0.4,0.5,1.0,0.0,87010,threshold-strength
K30-r0.4-l0.5-rs1.2-d0.0,30,0.4,0.5,1.2,0.0,87012,threshold-strength
K30-r0.4-l0.5-rs1.4-d0.0,30,0.4,0.5,1.4,0.0,87014,threshold-strength
K30-r0.4-l0.5-rs1.6-d0.0,30,0.4,0.5,1.6,0.0,87016,threshold-strength
K10-r0.4-l0.5-rs0.0-d0.0,10,0.4,0.5,0.0,0.0,90010,k-comparison
K10-r0.4-l0.5-rs0.4-d0.0,10,0.4,0.5,0.4,0.0,90011,k-comparison
K10-r0.4-l0.5-rs0.0-d0.5,10,0.4,0.5,0.0,0.5,90012,k-comparison
K10-r0.4-l1.0-rs0.0-d0.0,10,0.4,1.0,0.0,0.0,90013,k-comparison
K10-r0.4-l1.0-rs0.4-d0.0,10,0.4,1.0,0.4,0.0,90014,k-comparison
K10-r0.4-l1.0-rs0.0-d0.5,10,0.4,1.0,0.0,0.5,90015,k-comparison
K10-r0.4-l2.0-rs0.0-d0.0,10,0.4,2.0,0.0,0.0,90016,k-comparison
K10-r0.4-l2.0-rs0.4-d0.0,10,0.4,2.0,0.4,0.0,90017,k-comparison
K10-r0.4-l2.0-rs0.0-d0.5,10,0.4,2.0,0.0,0.5,90018,k-comparison
K20-r0.4-l0.5-rs0.0-d0.0,20,0.4,0.5,0.0,0.0,90037,k-comparison
K20-r0.4-l0.5-rs0.4-d0.0,20,0.4,0.5,0.4,0.0,90038,k-comparison
K20-r0.4-l0.5-rs0.0-d0.5,20,0.4,0.5,0.0,0.5,90039,k-comparison
K20-r0.4-l1.0-rs0.0-d0.0,20,0.4,1.0,0.0,0.0,90040,k-comparison
K20-r0.4-l1.0-rs0.4-d0.0,20,0.4,1.0,0.4,0.0,90041,k-comparison
K20-r0.4-l1.0-rs0.0-d0.5,20,0.4,1.0,0.0,0.5,90042,k-comparison
K20-r0.4-l2.0-rs0.0-d0.0,20,0.4,2.0,0.0,0.0,90043,k-comparison
K20-r0.4-l2.0-rs0.4-d0.0,20,0.4,2.0,0.4,0.0,90044,k-comparison
K20-r0.4-l2.0-rs0.0-d0.5,20,0.4,2.0,0.0,0.5,90045,k-comparison
K50-r0.4-l0.5-rs0.0-d0.0,50,0.4,0.5,0.0,0.0,90082,k-comparison
K50-r0.4-l0.5-rs0.4-d0.0,50,0.4,0.5,0.4,0.0,90083,k-comparison
K50-r0.4-l0.5-rs0.0-d0.5,50,0.4,0.5,0.0,0.5,90084,k-comparison
K50-r0.4-l1.0-rs0.0-d0.0,50,0.4,1.0,0.0,0.0,90085,k-comparison
K50-r0.4-l1.0-rs0.4-d0.0,50,0.4,1.0,0.4,0.0,90086,k-comparison
K50-r0.4-l1.0-rs0.0-d0.5,50,0.4,1.0,0.0,0.5,90087,k-comparison
K50-r0.4-l2.0-rs0.0-d0.0,50,0.4,2.0,0.0,0.0,90088,k-comparison
K50-r0.4-l2.0-rs0.4-d0.0,50,0.4,2.0,0.4,0.0,90089,k-comparison
K50-r0.4-l2.0-rs0.0-d0.5,50,0.4,2.0,0.0,0.5,90090,k-comparison
K30-r0.0-l0.5-rs0.0-d0.0,30,0.0,0.5,0.0,0.0,90055,rho-comparison
K30-r0.0-l0.5-rs0.4-d0.0,30,0.0,0.5,0.4,0.0,90056,rho-comparison
K30-r0.0-l0.5-rs0.0-d0.5,30,0.0,0.5,0.0,0.5,90057,rho-comparison
K30-r0.0-l1.0-rs0.0-d0.0,30,0.0,1.0,0.0,0.0,90058,rho-comparison
K30-r0.0-l1.0-rs0.4-d0.0,30,0.0,1.0,0.4,0.0,90059,rho-comparison
K30-r0.0-l1.0-rs0.0-d0.5,30,0.0,1.0,0.0,0.5,90060,rho-comparison
K30-r0.0-l2.0-rs0.0-d0.0,30,0.0,2.0,0.0,0.0,90061,rho-comparison
K30-r0.0-l2.0-rs0.4-d0.0,30,0.0,2.0,0.4,0.0,90062,rho-comparison
K30-r0.0-l2.0-rs0.0-d0.5,30,0.0,2.0,0.0,0.5,90063,rho-comparison
K30-r0.8-l0.5-rs0.0-d0.0,30,0.8,0.5,0.0,0.0,90064,rho-comparison
K30-r0.8-l0.5-rs0.4-d0.0,30,0.8,0.5,0.4,0.0,90065,rho-comparison
K30-r0.8-l0.5-rs0.0-d0.5,30,0.8,0.5,0.0,0.5,90066,rho-comparison
K30-r0.8-l1.0-rs0.0-d0.0,30,0.8,1.0,0.0,0.0,90067,rho-comparison
K30-r0.8-l1.0-rs0.4-d0.0,30,0.8,1.0,0.4,0.0,90068,rho-comparison
K30-r0.8-l1.0-rs0.0-d0.5,30,0.8,1.0,0.0,0.5,90069,rho-comparison
K30-r0.8-l2.0-rs0.0-d0.0,30,0.8,2.0,0.0,0.0,90070,rho-comparison
K30-r0.8-l2.0-rs0.4-d0.0,30,0.8,2.0,0.4,0.0,90071,rho-comparison
K30-r0.8-l2.0-rs0.0-d0.5,30,0.8,2.0,0.0,0.5,90072,rho-comparison
